Category,Instrument,Timestamp,Price,1D abs,1D %,1W abs,1W %,1M abs,1M %,52W abs,52W %,YTD abs,YTD %,Error
Currencies,EUR/USD,2026-10-02,1.1241,-0.0086,-0.76,-0.0134,-1.18,-0.0355,-3.06,-0.0484,-4.13,-0.0506,-4.31,
Currencies,EUR/CNY,2026-10-02,7.5432,-0.051,-0.67,-0.0909,-1.19,-0.2479,-3.18,-0.8039,-9.63,-0.6759,-8.22,
Currencies,EUR/CHF,2026-10-02,0.9304,-0.0162,-1.71,-0.0116,-1.24,-0.0106,-1.13,-0.0041,-0.44,0.0003,0.03,
Currencies,EUR/RON,2026-10-02,5.34,0.07,1.33,0.0701,1.33,0.0898,1.71,0.262,5.16,0.255,5.02,
Rates,3M Euribor,,,,,,,,,,,,,400 Client Error: Bad Request for url: https://api.statistiken.bundesbank.de/.enodia/challenge?redirect=%2Frest%2Fdata%2FBBIG1%2FD.D0.EUR.MMKT.EURIBOR.M03.BID._Z%3FstartPeriod%3D2024-07-24
Rates,EUR 2Y (DE Bund),2026-10-01,3.2,-0.05,-1.54,-0.11,-3.32,0.23,7.74,1.19,59.2,1.08,50.94,
Rates,EUR 5Y (DE Bund),,,,,,,,,,,,,400 Client Error: Bad Request for url: https://api.statistiken.bundesbank.de/.enodia/challenge?redirect=%2Frest%2Fdata%2FBBSSY%2FD.REN.EUR.A620.000000WT0505.A%3FstartPeriod%3D2024-07-24
Rates,EUR 10Y (DE Bund),,,,,,,,,,,,,400 Client Error: Bad Request for url: https://api.statistiken.bundesbank.de/.enodia/challenge?redirect=%2Frest%2Fdata%2FBBSSY%2FD.REN.EUR.A630.000000WT1010.A%3FstartPeriod%3D2024-07-24
Rates,EUR 30Y (DE Bund),,,,,,,,,,,,,400 Client Error: Bad Request for url: https://api.statistiken.bundesbank.de/.enodia/challenge?redirect=%2Frest%2Fdata%2FBBSSY%2FD.REN.EUR.A640.000000WT3030.A%3FstartPeriod%3D2024-07-24
Rates,UST 2Y,2026-10-01,4.78,-0.1,-2.05,-0.09,-1.85,0.39,8.88,1.23,34.65,1.31,37.75,
Rates,UST 10Y,2026-10-01,5.24,-0.05,-0.95,0.06,1.16,0.45,9.39,1.14,27.8,1.06,25.36,
Rates,UST 30Y,2026-10-01,5.61,-0.03,-0.53,0.14,2.56,0.34,6.45,0.92,19.62,0.77,15.91,
Equities,S&P 500,2026-10-01,7666.4502,14.9102,0.19,-37.6797,-0.49,34.98,0.46,951.1001,14.16,820.9502,11.99,
Equities,Nasdaq Composite,2026-10-01,26871.5996,10.5391,0.04,-67.7695,-0.25,771.8301,2.96,4027.5488,17.63,3629.6094,15.62,
Equities,Euro Stoxx 50,2026-10-02,6210.0,34.5498,0.56,-92.8198,-1.47,-152.1499,-2.39,558.29,9.88,413.7798,7.14,
Equities,DAX,2026-10-02,25118.6797,179.3301,0.72,-289.9609,-1.14,-720.6504,-2.79,739.8789,3.03,628.2695,2.57,
Equities,ATX,2026-10-02,6666.46,-11.9502,-0.18,-277.21,-3.99,-89.1499,-1.32,1909.6699,40.15,1340.1299,25.16,
Commodities,Brent Crude,2026-10-02,100.17,-2.14,-2.09,-4.15,-3.98,4.54,4.75,35.64,55.23,39.32,64.62,
Commodities,WTI Crude,2026-10-02,89.74,-3.13,-3.37,-2.67,-2.89,-1.27,-1.4,28.86,47.4,32.32,56.29,
Commodities,Dutch TTF Nat Gas,2026-10-02,72.95,-0.988,-1.34,0.879,1.22,-0.684,-0.93,41.512,132.04,44.789,159.05,
Commodities,"AT Power (day-ahead, EUR/MWh)",2026-10-02,200.2457,23.826,13.51,0.9745,0.49,8.7228,4.55,104.5406,109.23,107.047,114.86,
Commodities,"DE Power (day-ahead, EUR/MWh)",2026-10-02,203.3234,7.2561,3.7,25.6011,14.41,38.918,23.67,143.327,238.89,117.2515,136.23,
Commodities,Gold,2026-10-02,4197.3999,-4.8999,-0.12,-123.8003,-2.86,-217.2002,-4.92,288.5,7.38,-143.7002,-3.31,
